{"val_loss":0.44922468066215515,"val_hit_rate@5":0,"_runtime":9.559830999999999,"test_hit_rate@5":0,"trainer/global_step":4,"val_hit_rate@1":0,"_step":4,"train_hit_rate@1":0,"test_hit_rate@20":0.25,"test_hit_rate@1":0,"val_hit_rate@20":0,"_wandb":{"runtime":9},"test_mces@1":15,"train_hit_rate@20":0.5,"test_loss":0.4777925908565521,"train_hit_rate@5":0.25,"_timestamp":1.737537009492764e+09,"train_mces@1":14.375,"val_mces@1":15.75,"epoch":2}